{
  "noise_sweep": [
    [
      0.0,
      1.0,
      1.0
    ],
    [
      0.01,
      1.0,
      1.0
    ],
    [
      0.02,
      0.9952380952380953,
      0.9984126984126984
    ],
    [
      0.03,
      0.9349206349206349,
      0.9761904761904762
    ],
    [
      0.05,
      0.6873015873015873,
      0.7968253968253968
    ],
    [
      0.07,
      0.45555555555555555,
      0.638095238095238
    ],
    [
      0.1,
      0.23492063492063492,
      0.44761904761904764
    ],
    [
      0.15,
      0.1873015873015873,
      0.31587301587301586
    ],
    [
      0.2,
      0.16031746031746033,
      0.2714285714285714
    ]
  ],
  "occlusion_sweep": [
    [
      0,
      1.0,
      1.0
    ],
    [
      1,
      0.9507936507936507,
      0.9222222222222223
    ],
    [
      2,
      0.846031746031746,
      0.792063492063492
    ],
    [
      3,
      0.746031746031746,
      0.6857142857142857
    ],
    [
      4,
      0.6015873015873016,
      0.5492063492063493
    ]
  ],
  "depth_sweep": [
    [
      0.0,
      1.0,
      1.0
    ],
    [
      0.05,
      0.9920634920634921,
      0.973015873015873
    ],
    [
      0.1,
      0.8444444444444444,
      0.7746031746031746
    ],
    [
      0.2,
      0.48253968253968255,
      0.473015873015873
    ],
    [
      0.35,
      0.31587301587301586,
      0.353968253968254
    ],
    [
      0.5,
      0.2841269841269841,
      0.3142857142857143
    ],
    [
      0.75,
      0.2619047619047619,
      0.29365079365079366
    ]
  ],
  "stress_accuracy_mlp": 0.4222222222222222,
  "top_confusions": [
    "Side Triceps -> Side Chest: 35 casi",
    "Front Lat Spread -> Side Chest: 35 casi",
    "Front Double Biceps -> Side Chest: 32 casi",
    "Back Lat Spread -> Side Chest: 30 casi",
    "Abdominals and Thighs -> Side Chest: 27 casi"
  ]
}