{
  "front_double_biceps": {
    "elbow_angle_max": 66.8014144897461,
    "elbow_angle_min": 66.8014144897461,
    "shoulder_abduction_max": 98.03571319580078,
    "shoulder_abduction_min": 98.03571319580078,
    "knee_angle_max": 179.9927520751953,
    "knee_angle_min": 178.7346954345703,
    "hip_angle_max": 170.8185272216797,
    "hip_angle_min": 170.75823974609375,
    "trunk_inclination": 0.008102846331894398,
    "shoulder_line_tilt": 0.0
  },
  "front_lat_spread": {
    "elbow_angle_max": 77.6041030883789,
    "elbow_angle_min": 77.60408782958984,
    "shoulder_abduction_max": 47.943607330322266,
    "shoulder_abduction_min": 47.943599700927734,
    "knee_angle_max": 179.980224609375,
    "knee_angle_min": 179.98020935058594,
    "hip_angle_max": 171.37965393066406,
    "hip_angle_min": 171.37965393066406,
    "trunk_inclination": 0.008102846331894398,
    "shoulder_line_tilt": 0.0
  },
  "side_chest": {
    "elbow_angle_max": 55.548057556152344,
    "elbow_angle_min": 14.03631591796875,
    "shoulder_abduction_max": 19.20816993713379,
    "shoulder_abduction_min": 13.876699447631836,
    "knee_angle_max": 176.17601013183594,
    "knee_angle_min": 175.23379516601562,
    "hip_angle_max": 179.5944061279297,
    "hip_angle_min": 177.50634765625,
    "trunk_inclination": 0.008102846331894398,
    "shoulder_line_tilt": 0.0
  },
  "side_triceps": {
    "elbow_angle_max": 167.58990478515625,
    "elbow_angle_min": 160.4141845703125,
    "shoulder_abduction_max": 15.351367950439453,
    "shoulder_abduction_min": 9.62377643585205,
    "knee_angle_max": 177.3208465576172,
    "knee_angle_min": 175.23379516601562,
    "hip_angle_max": 179.5944061279297,
    "hip_angle_min": 176.36151123046875,
    "trunk_inclination": 0.008102846331894398,
    "shoulder_line_tilt": 0.0
  },
  "back_double_biceps": {
    "elbow_angle_max": 66.8014144897461,
    "elbow_angle_min": 66.8014144897461,
    "shoulder_abduction_max": 98.03571319580078,
    "shoulder_abduction_min": 98.03571319580078,
    "knee_angle_max": 179.93930053710938,
    "knee_angle_min": 178.35484313964844,
    "hip_angle_max": 170.8185272216797,
    "hip_angle_min": 169.47474670410156,
    "trunk_inclination": 0.008102846331894398,
    "shoulder_line_tilt": 0.0
  },
  "back_lat_spread": {
    "elbow_angle_max": 77.6041030883789,
    "elbow_angle_min": 77.60408782958984,
    "shoulder_abduction_max": 47.943607330322266,
    "shoulder_abduction_min": 47.943599700927734,
    "knee_angle_max": 179.980224609375,
    "knee_angle_min": 179.98020935058594,
    "hip_angle_max": 171.37965393066406,
    "hip_angle_min": 171.37965393066406,
    "trunk_inclination": 0.008102846331894398,
    "shoulder_line_tilt": 0.0
  },
  "abdominals_and_thighs": {
    "elbow_angle_max": 69.40210723876953,
    "elbow_angle_min": 69.402099609375,
    "shoulder_abduction_max": 139.04478454589844,
    "shoulder_abduction_min": 139.04478454589844,
    "knee_angle_max": 179.93930053710938,
    "knee_angle_min": 178.72694396972656,
    "hip_angle_max": 171.9642791748047,
    "hip_angle_min": 170.8185272216797,
    "trunk_inclination": 0.008102846331894398,
    "shoulder_line_tilt": 0.0
  }
}